first_name,last_name,email,phone,Invalid Date
Jayde,Beahan,beahan.jayde@gmail.com,1-542-555-5812,Tue Jan 06 2004
Freddy,Lakin,freddy.lakin@gmail.com,1-406-555-1825,Tue Feb 16 1999
Percival,Huels,percival_huels@hotmail.com,1-340-555-4058,Sat Jun 10 1989
Verna,Osinski,verna.osinski@yahoo.com,1-603-555-5147,Wed May 19 1976
Arielle,Schulist,a_schulist@yahoo.com,1-419-555-7961,Mon Jul 25 1983
Everette,Christiansen,everette.christiansen@yahoo.com,1-196-555-8572,Sun Sep 19 1954
Esteban,Rolfson,e_rolfson@gmail.com,1-084-555-3157,Wed May 22 1991
Gaylord,Ebert,g_ebert@yahoo.com,1-347-555-1482,Sat May 26 1990
Shanelle,Jacobi,jacobi.shanelle@yahoo.com,1-906-555-0328,Thu Feb 10 1983
Eddie,Sanford,sanford.eddie@hotmail.com,1-419-555-8106,Sun Jun 09 1974
Jose,Heathcote,j_heathcote@hotmail.com,1-479-555-5781,Tue Jan 23 2001
Derrick,Ernser,derrick@hotmail.com,1-431-555-8502,Thu Jul 30 1964
Elda,Jast,jast_elda@gmail.com,1-746-555-4517,Fri Jan 22 1971
Lottie,Cormier,l_cormier@gmail.com,1-276-555-1769,Wed Aug 16 1989
Raleigh,Cruickshank,raleigh.cruickshank@yahoo.com,1-643-555-5278,Sat Oct 02 1999
Greg,Smith,greg@hotmail.com,1-841-555-0734,Sat Oct 10 1964
Ozella,Welch,o.welch@hotmail.com,1-670-555-4951,Thu Jun 22 2000
Fleta,McCullough,mccullough_fleta@gmail.com,1-371-555-0325,Sat Oct 14 1961
Warren,Ryan,warren.ryan@gmail.com,1-310-555-5730,Mon Feb 04 1957
Freddie,Spencer,freddie_spencer@gmail.com,1-203-555-4860,Sat Aug 26 1989
Felipa,Treutel,treutel.felipa@yahoo.com,1-419-555-3657,Sun Jul 18 1954
Agustina,Metz,agustina.metz@gmail.com,1-419-555-3289,Mon Jul 09 1990
Ed,Rice,ed_rice@gmail.com,1-602-555-6307,Thu Apr 29 1982
Thalia,Buckridge,buckridge.thalia@gmail.com,1-308-555-4061,Sat Sep 12 1987
Elyse,Smith,elyse@gmail.com,1-517-555-7921,Sat Jan 19 1963
Beryl,Hansen,hansen.beryl@hotmail.com,1-537-555-3028,Mon Dec 16 1985
Ewell,Oberbrunner,e.oberbrunner@hotmail.com,1-617-555-5803,Sun Feb 15 2004
Clarissa,Smith,clarissa@yahoo.com,1-162-555-0981,Fri Sep 06 1968
Diamond,Pfeffer,diamond@gmail.com,1-029-555-3761,Sat Sep 07 2002
Chanel,Reynolds,chanel_reynolds@hotmail.com,1-902-555-7062,Wed Jan 02 1985
Antwon,Heller,heller.antwon@hotmail.com,1-419-555-4276,Wed Nov 26 1986
Rosella,Smith,rosella@yahoo.com,1-780-555-0384,Fri Jan 09 1987
Mose,Maggio,mose@yahoo.com,1-419-555-0748,Tue Apr 15 1952
Gust,Franecki,g.franecki@yahoo.com,1-569-555-7196,Wed Dec 18 1985
Devon,Bosco,bosco_devon@hotmail.com,1-512-555-4580,Sat Dec 24 1988
Milan,Conner,milan@hotmail.com,1-961-555-8103,Sun Nov 20 1983
Jairo,Kuhn,jairo_kuhn@yahoo.com,1-419-555-8493,Thu Jan 13 2000
Carmella,Kling,c_kling@hotmail.com,1-398-555-6295,Thu Apr 21 2005
Nakia,Beahan,n.beahan@hotmail.com,1-067-555-7830,Tue Dec 16 1997
Meggie,Jakubowski,m.jakubowski@gmail.com,1-310-555-1865,Tue Mar 22 1988
Gabriella,Reichert,gabriella@yahoo.com,1-076-555-9051,Mon May 06 1996
Laron,Hermiston,laron_hermiston@yahoo.com,1-512-555-1095,Tue Jan 19 1988
Nellie,Willms,nellie.willms@gmail.com,1-241-555-4671,Sat May 14 1977
Adeline,Koch,adeline.koch@yahoo.com,1-345-555-2730,Sun Dec 02 1984
Cathy,Smith,cathy@gmail.com,1-419-555-8645,Wed Jan 27 1982
Kiara,Ferry,kiara.ferry@hotmail.com,1-298-555-6381,Sat Dec 12 1981
Eldridge,Koss,koss_eldridge@yahoo.com,1-409-555-0581,Sun Sep 16 1984
Amara,Quitzon,amara@gmail.com,1-186-555-4781,Sat Mar 16 2002
Myrl,Schaden,schaden_myrl@gmail.com,1-650-555-1587,Fri Jul 09 1993
Jonas,Zboncak,jonas_zboncak@gmail.com,1-347-555-3840,Mon Mar 28 1994
Cortez,Steuber,steuber.cortez@hotmail.com,1-817-555-6753,Sat Feb 06 1971
Shaina,Schmidt,schmidt.shaina@gmail.com,1-804-555-5392,Sat Sep 25 1965
Flo,Leffler,flo@gmail.com,1-125-555-2930,Thu Oct 26 1967
Kylie,Blanda,kylie_blanda@gmail.com,1-047-555-9645,Wed Jan 30 2002
Mariana,Emard,mariana@hotmail.com,1-481-555-6012,Thu Mar 07 1974
Marilie,Gislason,marilie@yahoo.com,1-683-555-1490,Sun Jul 15 1990
Toney,Mraz,toney_mraz@yahoo.com,1-174-555-4307,Sat Sep 11 1993
Pearline,Howe,pearline@hotmail.com,1-189-555-4623,Wed Mar 10 1971
Liza,Koss,liza@yahoo.com,1-926-555-6841,Tue Apr 07 1987
Ned,Hermiston,ned.hermiston@yahoo.com,1-538-555-1807,Tue Dec 05 1961
Anabel,Heidenreich,anabel_heidenreich@yahoo.com,1-582-555-3508,Wed Sep 26 1951
Daphne,Koch,daphne_koch@gmail.com,1-081-555-4382,Wed Dec 07 2005
Vinnie,Frami,frami.v@hotmail.com,1-360-555-2475,Wed Nov 07 1956
Micah,Graham,micah_graham@yahoo.com,1-032-555-2815,Sat Sep 06 1980
Brady,Mosciski,b_mosciski@yahoo.com,1-419-555-5093,Sun May 28 1989
Mariana,Amore,mariana_amore@hotmail.com,1-419-555-7354,Sun Nov 06 1960
Zakary,Terry,terry.zakary@yahoo.com,1-451-555-7842,Fri Nov 15 1991
Nella,Boyle,nella_boyle@yahoo.com,1-684-555-9684,Thu Jul 03 1969
Margarita,Tillman,tillman_margarita@hotmail.com,1-861-555-1027,Tue Dec 21 1976
Antone,Nolan,a_nolan@hotmail.com,1-913-555-0345,Thu Aug 31 1972
Kaylee,Fadel,kaylee.fadel@yahoo.com,1-570-555-5642,Sun Sep 17 2000
Mike,Hettinger,mike@yahoo.com,1-436-555-6059,Sat Mar 21 1981
Esperanza,Hessel,hessel_esperanza@hotmail.com,1-940-555-2035,Tue Sep 26 1972
Devin,Welch,welch.devin@gmail.com,1-271-555-4701,Thu Nov 14 1974
Aiden,Christiansen,aiden.christiansen@hotmail.com,1-435-555-7628,Sun Sep 12 1965
Jovani,Zemlak,j_zemlak@gmail.com,1-125-555-8365,Sat Mar 30 2002
Bryon,Cartwright,cartwright_bryon@gmail.com,1-821-555-9138,Fri Mar 19 1982
Lina,Hane,lina_hane@gmail.com,1-196-555-5097,Sun Feb 09 2003
Stephanie,Haag,stephanie_haag@gmail.com,1-056-555-7629,Sat Sep 22 1973
Milo,Satterfield,milo_satterfield@yahoo.com,1-463-555-4105,Sun Nov 30 1969
Ericka,VonRueden,vonrueden.ericka@hotmail.com,1-905-555-1095,Wed Aug 20 1952
Wilhelmine,Heller,wilhelmine@gmail.com,1-308-555-5643,Mon Sep 16 1968
Jacinto,Cole,jacinto@yahoo.com,1-068-555-2786,Mon May 20 1963
Rhea,Langworth,r.langworth@hotmail.com,1-459-555-5093,Wed Jun 17 1964
Nola,Hirthe,nola.hirthe@hotmail.com,1-876-555-1728,Sun Dec 18 1977
Kattie,Cassin,kattie.cassin@hotmail.com,1-781-555-8305,Tue Jul 27 1976
Anastasia,Luettgen,luettgen.anastasia@yahoo.com,1-905-555-4927,Thu Dec 20 1984
Nat,Goodwin,nat@hotmail.com,1-968-555-6238,Mon Jun 11 1990
Gust,Kessler,gust_kessler@yahoo.com,1-293-555-7351,Sun Jan 20 1991
Josefa,Smitham,j_smitham@gmail.com,1-085-555-3509,Sat May 17 1969
Earnest,Pollich,earnest_pollich@hotmail.com,1-812-555-5760,Tue Sep 28 1965
Brando,Skiles,brando@hotmail.com,1-419-555-6589,Mon Apr 10 1967
Valentin,Langosh,v_langosh@hotmail.com,1-319-555-3952,Fri Nov 01 1957
Dusty,Dickinson,dusty@hotmail.com,1-948-555-7461,Fri Apr 13 1956
Genesis,Buckridge,genesis@hotmail.com,1-861-555-7580,Sat Mar 16 1996
Leta,Oberbrunner,l_oberbrunner@gmail.com,1-829-555-9235,Mon Jul 25 1988
Elvis,Schultz,elvis.schultz@hotmail.com,1-419-555-4082,Tue Aug 12 1969
Vicenta,Mertz,vicenta_mertz@gmail.com,1-761-555-4073,Wed Sep 27 1961
Viola,Schmeler,viola.schmeler@yahoo.com,1-649-555-0568,Tue Mar 30 1971
Wayne,Purdy,wayne@hotmail.com,1-419-555-4087,Wed Aug 21 1957
